nger,npop,cp,mp,xmaxc,xmax_edge,exec,g,worstFit,fit_avg,bestFit,desvPad,c,weights
150,50,1.0,0.01,2.0,90,1,0,5.185667867636957e+59,1.740062797540992e+58,11028.193166511357,8.238972040163182e+58,0.3265050917160044,[83.24037229 72.52303591 89.09652862 88.71854571 77.88958322 46.16048821 26.55348933 87.83714691 22.64045989 48.51563899 46.94403134 88.35734027 70.10801861 60.09207668 59.72389328]
150,50,1.0,0.01,2.0,90,1,1,6.7838828010136e+57,1.3620838178389803e+56,11028.193166511357,9.496750359810013e+56,0.3265050917160044,[83.24037229 72.52303591 89.09652862 88.71854571 77.88958322 46.16048821 26.55348933 87.83714691 22.64045989 48.51563899 46.94403134 88.35734027 70.10801861 60.09207668 59.72389328]
150,50,1.0,0.01,2.0,90,1,2,5.997706271607593e+49,1.1995412543215186e+48,11028.193166511357,8.39678878025063e+48,0.3265050917160044,[83.24037229 72.52303591 89.09652862 88.71854571 77.88958322 46.16048821 26.55348933 87.83714691 22.64045989 48.51563899 46.94403134 88.35734027 70.10801861 60.09207668 59.72389328]
150,50,1.0,0.01,2.0,90,1,3,6.776223701584416e+18,1.3598610448834272e+17,11028.193166511357,9.486105654493215e+17,0.3265050917160044,[83.24037229 72.52303591 89.09652862 88.71854571 77.88958322 46.16048821 26.55348933 87.83714691 22.64045989 48.51563899 46.94403134 88.35734027 70.10801861 60.09207668 59.72389328]
150,50,1.0,0.01,2.0,90,1,4,970234566150.7585,19409524988.53768,2722.8251338684995,135832149680.06866,0.026559622649815665,[58.44246114 77.9047782  81.26002518 76.82691336 75.06056187 35.13545756 70.00171828 53.6711136  37.39643561 49.80766049 40.16536861 70.75460735 72.62070986 61.25284768 68.98185642]
150,50,1.0,0.01,2.0,90,1,5,17246872474.440792,354186486.0487823,2722.8251338684995,2413855343.661675,0.026559622649815665,[58.44246114 77.9047782  81.26002518 76.82691336 75.06056187 35.13545756 70.00171828 53.6711136  37.39643561 49.80766049 40.16536861 70.75460735 72.62070986 61.25284768 68.98185642]
150,50,1.0,0.01,2.0,90,1,6,36949788.40911182,1542809.5324847705,2722.8251338684995,5442561.295424719,0.026559622649815665,[58.44246114 77.9047782  81.26002518 76.82691336 75.06056187 35.13545756 70.00171828 53.6711136  37.39643561 49.80766049 40.16536861 70.75460735 72.62070986 61.25284768 68.98185642]
150,50,1.0,0.01,2.0,90,1,7,11809811.614273865,667968.2797285874,2722.8251338684995,1927719.0017954065,0.026559622649815665,[58.44246114 77.9047782  81.26002518 76.82691336 75.06056187 35.13545756 70.00171828 53.6711136  37.39643561 49.80766049 40.16536861 70.75460735 72.62070986 61.25284768 68.98185642]
150,50,1.0,0.01,2.0,90,1,8,1318180.4316520088,237274.27128729934,2722.8251338684995,319529.7008219607,0.026559622649815665,[58.44246114 77.9047782  81.26002518 76.82691336 75.06056187 35.13545756 70.00171828 53.6711136  37.39643561 49.80766049 40.16536861 70.75460735 72.62070986 61.25284768 68.98185642]
150,50,1.0,0.01,2.0,90,1,9,676219.8290570237,122120.7431414683,2722.8251338684995,127690.77352137816,0.026559622649815665,[58.44246114 77.9047782  81.26002518 76.82691336 75.06056187 35.13545756 70.00171828 53.6711136  37.39643561 49.80766049 40.16536861 70.75460735 72.62070986 61.25284768 68.98185642]
150,50,1.0,0.01,2.0,90,1,10,424599.0274460816,91074.21124342392,2722.8251338684995,94502.81134615232,0.026559622649815665,[58.44246114 77.9047782  81.26002518 76.82691336 75.06056187 35.13545756 70.00171828 53.6711136  37.39643561 49.80766049 40.16536861 70.75460735 72.62070986 61.25284768 68.98185642]
150,50,1.0,0.01,2.0,90,1,11,568589.3515589995,67848.58725976174,2722.8251338684995,93589.58297790433,0.026559622649815665,[58.44246114 77.9047782  81.26002518 76.82691336 75.06056187 35.13545756 70.00171828 53.6711136  37.39643561 49.80766049 40.16536861 70.75460735 72.62070986 61.25284768 68.98185642]
150,50,1.0,0.01,2.0,90,1,12,106346.41054713873,31236.641207008273,2722.8251338684995,22986.391658036027,0.026559622649815665,[58.44246114 77.9047782  81.26002518 76.82691336 75.06056187 35.13545756 70.00171828 53.6711136  37.39643561 49.80766049 40.16536861 70.75460735 72.62070986 61.25284768 68.98185642]
150,50,1.0,0.01,2.0,90,1,13,90521.34042821566,25449.2989288545,2722.8251338684995,20856.597317080228,0.026559622649815665,[58.44246114 77.9047782  81.26002518 76.82691336 75.06056187 35.13545756 70.00171828 53.6711136  37.39643561 49.80766049 40.16536861 70.75460735 72.62070986 61.25284768 68.98185642]
150,50,1.0,0.01,2.0,90,1,14,84586.17971995955,16004.286151529737,2722.8251338684995,15300.051490993097,0.026559622649815665,[58.44246114 77.9047782  81.26002518 76.82691336 75.06056187 35.13545756 70.00171828 53.6711136  37.39643561 49.80766049 40.16536861 70.75460735 72.62070986 61.25284768 68.98185642]
150,50,1.0,0.01,2.0,90,1,15,94306.56665707706,16711.800311257404,2722.8251338684995,17606.400415226,0.026559622649815665,[58.44246114 77.9047782  81.26002518 76.82691336 75.06056187 35.13545756 70.00171828 53.6711136  37.39643561 49.80766049 40.16536861 70.75460735 72.62070986 61.25284768 68.98185642]
150,50,1.0,0.01,2.0,90,1,16,38622.526204526665,11658.281206048125,2699.5078534419104,8467.737418096027,0.06763517150582926,[77.21329201 69.08080467 48.53369287 46.8572745  53.04966665 74.37795806 45.89381322 53.42973361 27.95597578 33.35212584 12.79002808 55.67594192 69.07516303 63.11774999 70.58364801]
150,50,1.0,0.01,2.0,90,1,17,33593.0548402905,10063.37206164054,1953.1949745651198,7209.287578511494,0.03345650067650975,[82.78791951 70.06631857 48.36157346 50.63253974 39.91058094 64.33305724 19.16862557 52.07039068 27.50529307 26.24690319 25.64648145 53.64890718 69.44598099 72.37094684 67.89511568]
150,50,1.0,0.01,2.0,90,1,18,26132.784952405847,7407.303524886276,1736.5246739105448,5123.278914776797,0.035713741375950445,[80.19675631 80.91316835 88.09183937 56.76840598 52.15735168 41.17405602 42.89687943 42.54176659 30.68943813 57.20736913 40.22611946 47.27921899 64.72681363 33.7627106  79.10808982]
150,50,1.0,0.01,2.0,90,1,19,107537.58282866278,9059.28020697256,1736.5246739105448,14889.19440257788,0.035713741375950445,[80.19675631 80.91316835 88.09183937 56.76840598 52.15735168 41.17405602 42.89687943 42.54176659 30.68943813 57.20736913 40.22611946 47.27921899 64.72681363 33.7627106  79.10808982]
150,50,1.0,0.01,2.0,90,1,20,197480.7008868386,13843.150976069086,1736.5246739105448,31089.703076651847,0.035713741375950445,[80.19675631 80.91316835 88.09183937 56.76840598 52.15735168 41.17405602 42.89687943 42.54176659 30.68943813 57.20736913 40.22611946 47.27921899 64.72681363 33.7627106  79.10808982]
150,50,1.0,0.01,2.0,90,1,21,142299.87224477416,12083.035964555986,1410.837569888367,22055.653223316524,0.10151796897425272,[78.38879013 70.18389941 69.50611344 46.2058488  43.63498634 62.51341996 49.24906983 58.77633104 27.29828608 57.1044887  37.16643347 52.38349499 69.53188511 61.63043773 86.35318734]
150,50,1.0,0.01,2.0,90,1,22,5.972182737949662e+48,1.1944365475899324e+47,1410.837569888367,8.361055833129528e+47,0.10151796897425272,[78.38879013 70.18389941 69.50611344 46.2058488  43.63498634 62.51341996 49.24906983 58.77633104 27.29828608 57.1044887  37.16643347 52.38349499 69.53188511 61.63043773 86.35318734]
150,50,1.0,0.01,2.0,90,1,23,133093479.46614331,3079305.059146253,1410.837569888367,18789667.88701455,0.10151796897425272,[78.38879013 70.18389941 69.50611344 46.2058488  43.63498634 62.51341996 49.24906983 58.77633104 27.29828608 57.1044887  37.16643347 52.38349499 69.53188511 61.63043773 86.35318734]
150,50,1.0,0.01,2.0,90,1,24,78571.98752842932,13618.357637045116,1410.837569888367,17441.455685867633,0.10151796897425272,[78.38879013 70.18389941 69.50611344 46.2058488  43.63498634 62.51341996 49.24906983 58.77633104 27.29828608 57.1044887  37.16643347 52.38349499 69.53188511 61.63043773 86.35318734]
150,50,1.0,0.01,2.0,90,1,25,80382.86551291155,13127.998533468337,1410.837569888367,17619.82308777581,0.10151796897425272,[78.38879013 70.18389941 69.50611344 46.2058488  43.63498634 62.51341996 49.24906983 58.77633104 27.29828608 57.1044887  37.16643347 52.38349499 69.53188511 61.63043773 86.35318734]
150,50,1.0,0.01,2.0,90,1,26,45057.30582538141,10415.878920313877,1410.837569888367,9750.511868992548,0.10151796897425272,[78.38879013 70.18389941 69.50611344 46.2058488  43.63498634 62.51341996 49.24906983 58.77633104 27.29828608 57.1044887  37.16643347 52.38349499 69.53188511 61.63043773 86.35318734]
150,50,1.0,0.01,2.0,90,1,27,74774.16188796173,12483.112045344262,1410.837569888367,14124.178066341847,0.10151796897425272,[78.38879013 70.18389941 69.50611344 46.2058488  43.63498634 62.51341996 49.24906983 58.77633104 27.29828608 57.1044887  37.16643347 52.38349499 69.53188511 61.63043773 86.35318734]
150,50,1.0,0.01,2.0,90,1,28,50206.79446652322,9442.520856559491,1410.837569888367,8353.2432342081,0.10151796897425272,[78.38879013 70.18389941 69.50611344 46.2058488  43.63498634 62.51341996 49.24906983 58.77633104 27.29828608 57.1044887  37.16643347 52.38349499 69.53188511 61.63043773 86.35318734]
150,50,1.0,0.01,2.0,90,1,29,142474.43317604766,11736.720714519297,1410.837569888367,21137.398739517437,0.10151796897425272,[78.38879013 70.18389941 69.50611344 46.2058488  43.63498634 62.51341996 49.24906983 58.77633104 27.29828608 57.1044887  37.16643347 52.38349499 69.53188511 61.63043773 86.35318734]
150,50,1.0,0.01,2.0,90,1,30,52360.430594156715,9305.884518414792,1410.837569888367,10411.74867893297,0.10151796897425272,[78.38879013 70.18389941 69.50611344 46.2058488  43.63498634 62.51341996 49.24906983 58.77633104 27.29828608 57.1044887  37.16643347 52.38349499 69.53188511 61.63043773 86.35318734]
150,50,1.0,0.01,2.0,90,1,31,19400.579201165197,6413.532138799557,1410.837569888367,3875.6800634872734,0.10151796897425272,[78.38879013 70.18389941 69.50611344 46.2058488  43.63498634 62.51341996 49.24906983 58.77633104 27.29828608 57.1044887  37.16643347 52.38349499 69.53188511 61.63043773 86.35318734]
150,50,1.0,0.01,2.0,90,1,32,14197.75609981995,5416.085213606903,1410.837569888367,2753.852921428917,0.10151796897425272,[78.38879013 70.18389941 69.50611344 46.2058488  43.63498634 62.51341996 49.24906983 58.77633104 27.29828608 57.1044887  37.16643347 52.38349499 69.53188511 61.63043773 86.35318734]
150,50,1.0,0.01,2.0,90,1,33,18992.23515654951,5062.281918096753,1410.837569888367,3213.039142354666,0.10151796897425272,[78.38879013 70.18389941 69.50611344 46.2058488  43.63498634 62.51341996 49.24906983 58.77633104 27.29828608 57.1044887  37.16643347 52.38349499 69.53188511 61.63043773 86.35318734]
150,50,1.0,0.01,2.0,90,1,34,40013.89633359364,4345.649722117564,1410.837569888367,5292.004549588676,0.10151796897425272,[78.38879013 70.18389941 69.50611344 46.2058488  43.63498634 62.51341996 49.24906983 58.77633104 27.29828608 57.1044887  37.16643347 52.38349499 69.53188511 61.63043773 86.35318734]
150,50,1.0,0.01,2.0,90,1,35,8616.46892633593,3345.0006820632866,1343.428799087829,1610.1846470970931,0.04782378885429234,[77.96621821 63.18990843 73.90307396 63.01792468 80.15079743 85.79447826 66.66263758 70.35301028 63.25402535 38.66947017 74.56807049 55.17964506 76.09931988 58.280096   70.50101423]
150,50,1.0,0.01,2.0,90,1,36,28253.384225579655,3676.5863114496483,1343.428799087829,3825.9586686115194,0.04782378885429234,[77.96621821 63.18990843 73.90307396 63.01792468 80.15079743 85.79447826 66.66263758 70.35301028 63.25402535 38.66947017 74.56807049 55.17964506 76.09931988 58.280096   70.50101423]
150,50,1.0,0.01,2.0,90,1,37,12780.595831524723,3762.539368254634,1343.428799087829,2156.459200055023,0.04782378885429234,[77.96621821 63.18990843 73.90307396 63.01792468 80.15079743 85.79447826 66.66263758 70.35301028 63.25402535 38.66947017 74.56807049 55.17964506 76.09931988 58.280096   70.50101423]
150,50,1.0,0.01,2.0,90,1,38,12209.395365982482,3525.3403694951435,1343.428799087829,1787.348750327863,0.04782378885429234,[77.96621821 63.18990843 73.90307396 63.01792468 80.15079743 85.79447826 66.66263758 70.35301028 63.25402535 38.66947017 74.56807049 55.17964506 76.09931988 58.280096   70.50101423]
150,50,1.0,0.01,2.0,90,1,39,73622.5709954019,4495.47322559761,1343.428799087829,9942.665840929454,0.04782378885429234,[77.96621821 63.18990843 73.90307396 63.01792468 80.15079743 85.79447826 66.66263758 70.35301028 63.25402535 38.66947017 74.56807049 55.17964506 76.09931988 58.280096   70.50101423]
150,50,1.0,0.01,2.0,90,1,40,69785.41630999667,5026.130610627793,1343.428799087829,9623.974761709025,0.04782378885429234,[77.96621821 63.18990843 73.90307396 63.01792468 80.15079743 85.79447826 66.66263758 70.35301028 63.25402535 38.66947017 74.56807049 55.17964506 76.09931988 58.280096   70.50101423]
150,50,1.0,0.01,2.0,90,1,41,118113.19992158383,7238.637656870198,1163.1815410690601,16699.94411438144,0.0070332279099867764,[79.54714402 62.14655607 73.83234706 68.07997333 53.82075206 67.17121945 64.56128711 48.88920064 30.48621624 74.23656563 72.53770061 56.30680064 76.88181101 54.82117222 78.03345196]
150,50,1.0,0.01,2.0,90,1,42,37138.78381814044,5343.201593908249,1163.1815410690601,5572.67580328288,0.0070332279099867764,[79.54714402 62.14655607 73.83234706 68.07997333 53.82075206 67.17121945 64.56128711 48.88920064 30.48621624 74.23656563 72.53770061 56.30680064 76.88181101 54.82117222 78.03345196]
150,50,1.0,0.01,2.0,90,1,43,36527.126582711,5446.75678486285,1163.1815410690601,7233.8378053616625,0.0070332279099867764,[79.54714402 62.14655607 73.83234706 68.07997333 53.82075206 67.17121945 64.56128711 48.88920064 30.48621624 74.23656563 72.53770061 56.30680064 76.88181101 54.82117222 78.03345196]
150,50,1.0,0.01,2.0,90,1,44,28795.41441930258,4753.04391617886,1163.1815410690601,5935.186400725697,0.0070332279099867764,[79.54714402 62.14655607 73.83234706 68.07997333 53.82075206 67.17121945 64.56128711 48.88920064 30.48621624 74.23656563 72.53770061 56.30680064 76.88181101 54.82117222 78.03345196]
150,50,1.0,0.01,2.0,90,1,45,8988.993039123488,3358.729663676189,1163.1815410690601,1883.817473602563,0.0070332279099867764,[79.54714402 62.14655607 73.83234706 68.07997333 53.82075206 67.17121945 64.56128711 48.88920064 30.48621624 74.23656563 72.53770061 56.30680064 76.88181101 54.82117222 78.03345196]
150,50,1.0,0.01,2.0,90,1,46,7359.417079279731,2860.6161664351075,1163.1815410690601,1084.6693801116294,0.0070332279099867764,[79.54714402 62.14655607 73.83234706 68.07997333 53.82075206 67.17121945 64.56128711 48.88920064 30.48621624 74.23656563 72.53770061 56.30680064 76.88181101 54.82117222 78.03345196]
150,50,1.0,0.01,2.0,90,1,47,11517.207068877779,2820.889578992405,1163.1815410690601,1715.3364716815092,0.0070332279099867764,[79.54714402 62.14655607 73.83234706 68.07997333 53.82075206 67.17121945 64.56128711 48.88920064 30.48621624 74.23656563 72.53770061 56.30680064 76.88181101 54.82117222 78.03345196]
150,50,1.0,0.01,2.0,90,1,48,6218.881286368563,2818.128690864469,1163.1815410690601,1210.4435351502793,0.0070332279099867764,[79.54714402 62.14655607 73.83234706 68.07997333 53.82075206 67.17121945 64.56128711 48.88920064 30.48621624 74.23656563 72.53770061 56.30680064 76.88181101 54.82117222 78.03345196]
150,50,1.0,0.01,2.0,90,1,49,27359.676723542056,3178.593575732669,1150.250068591014,3849.526524405169,0.010555776461512727,[81.8931418  71.95743311 81.02206973 44.13710921 70.24511062 46.47953321 66.32284679 67.22313348 70.48072606 53.01869266 60.55350857 39.71972053 37.90226308 65.43214749 81.55726225]
150,50,1.0,0.01,2.0,90,1,50,20289.491946899463,3565.630961123239,970.2652718045769,3854.4969570100543,0.012308364563123442,[82.16168045 64.09308984 71.33053912 47.69669254 58.21582855 43.23123955 77.83452904 77.41039592 42.75751956 28.80938252 55.38564091 41.03061453 67.75819165 58.45642999 83.75509828]
150,50,1.0,0.01,2.0,90,1,51,19232.059861028578,4143.135086702035,914.5549110996337,3489.9705838686,0.00296601961815065,[79.23515834 72.32977569 60.53801383 39.11431572 82.00457721 58.31377177 70.300114   57.88507201 25.65730451 54.96511169 47.73530809 51.71072328 53.65896081 57.96526942 72.27962987]
150,50,1.0,0.01,2.0,90,1,52,24267.220025317205,4217.820997392974,914.5549110996337,4979.682793809099,0.00296601961815065,[79.23515834 72.32977569 60.53801383 39.11431572 82.00457721 58.31377177 70.300114   57.88507201 25.65730451 54.96511169 47.73530809 51.71072328 53.65896081 57.96526942 72.27962987]
150,50,1.0,0.01,2.0,90,1,53,9603.474182482656,3088.731356234664,914.5549110996337,1880.3293966846109,0.00296601961815065,[79.23515834 72.32977569 60.53801383 39.11431572 82.00457721 58.31377177 70.300114   57.88507201 25.65730451 54.96511169 47.73530809 51.71072328 53.65896081 57.96526942 72.27962987]
150,50,1.0,0.01,2.0,90,1,54,28379.054378817305,3473.0784427858143,914.5549110996337,4407.2852135684125,0.00296601961815065,[79.23515834 72.32977569 60.53801383 39.11431572 82.00457721 58.31377177 70.300114   57.88507201 25.65730451 54.96511169 47.73530809 51.71072328 53.65896081 57.96526942 72.27962987]
150,50,1.0,0.01,2.0,90,1,55,7077.053258357987,2614.094790282744,914.5549110996337,1110.87211320682,0.00296601961815065,[79.23515834 72.32977569 60.53801383 39.11431572 82.00457721 58.31377177 70.300114   57.88507201 25.65730451 54.96511169 47.73530809 51.71072328 53.65896081 57.96526942 72.27962987]
150,50,1.0,0.01,2.0,90,1,56,18629.16854061496,3313.0270976127063,914.5549110996337,2806.6098347795387,0.00296601961815065,[79.23515834 72.32977569 60.53801383 39.11431572 82.00457721 58.31377177 70.300114   57.88507201 25.65730451 54.96511169 47.73530809 51.71072328 53.65896081 57.96526942 72.27962987]
150,50,1.0,0.01,2.0,90,1,57,10417.527479905526,3161.9386609926873,914.5549110996337,2095.685642697737,0.00296601961815065,[79.23515834 72.32977569 60.53801383 39.11431572 82.00457721 58.31377177 70.300114   57.88507201 25.65730451 54.96511169 47.73530809 51.71072328 53.65896081 57.96526942 72.27962987]
150,50,1.0,0.01,2.0,90,1,58,9350.603353140616,2825.920910976676,914.5549110996337,1529.7497509073876,0.00296601961815065,[79.23515834 72.32977569 60.53801383 39.11431572 82.00457721 58.31377177 70.300114   57.88507201 25.65730451 54.96511169 47.73530809 51.71072328 53.65896081 57.96526942 72.27962987]
150,50,1.0,0.01,2.0,90,1,59,10701.843746406306,3065.6576485731257,914.5549110996337,2088.5337953552503,0.00296601961815065,[79.23515834 72.32977569 60.53801383 39.11431572 82.00457721 58.31377177 70.300114   57.88507201 25.65730451 54.96511169 47.73530809 51.71072328 53.65896081 57.96526942 72.27962987]
150,50,1.0,0.01,2.0,90,1,60,18948.8428444647,3454.1901657468825,914.5549110996337,3447.830323513377,0.00296601961815065,[79.23515834 72.32977569 60.53801383 39.11431572 82.00457721 58.31377177 70.300114   57.88507201 25.65730451 54.96511169 47.73530809 51.71072328 53.65896081 57.96526942 72.27962987]
150,50,1.0,0.01,2.0,90,1,61,10065.782675754737,3266.947438623413,914.5549110996337,2144.329442663197,0.00296601961815065,[79.23515834 72.32977569 60.53801383 39.11431572 82.00457721 58.31377177 70.300114   57.88507201 25.65730451 54.96511169 47.73530809 51.71072328 53.65896081 57.96526942 72.27962987]
150,50,1.0,0.01,2.0,90,1,62,18836.86398839371,3326.943563409742,914.5549110996337,3078.8961583797095,0.00296601961815065,[79.23515834 72.32977569 60.53801383 39.11431572 82.00457721 58.31377177 70.300114   57.88507201 25.65730451 54.96511169 47.73530809 51.71072328 53.65896081 57.96526942 72.27962987]
150,50,1.0,0.01,2.0,90,1,63,5477.320241989339,2364.2253455303858,914.5549110996337,910.2892765565712,0.00296601961815065,[79.23515834 72.32977569 60.53801383 39.11431572 82.00457721 58.31377177 70.300114   57.88507201 25.65730451 54.96511169 47.73530809 51.71072328 53.65896081 57.96526942 72.27962987]
150,50,1.0,0.01,2.0,90,1,64,14021.828798440629,2788.77341461743,914.5549110996337,2096.7852688104535,0.00296601961815065,[79.23515834 72.32977569 60.53801383 39.11431572 82.00457721 58.31377177 70.300114   57.88507201 25.65730451 54.96511169 47.73530809 51.71072328 53.65896081 57.96526942 72.27962987]
150,50,1.0,0.01,2.0,90,1,65,14763.563005647466,2516.683718604994,914.5549110996337,1905.3283702538329,0.00296601961815065,[79.23515834 72.32977569 60.53801383 39.11431572 82.00457721 58.31377177 70.300114   57.88507201 25.65730451 54.96511169 47.73530809 51.71072328 53.65896081 57.96526942 72.27962987]
150,50,1.0,0.01,2.0,90,1,66,22321.137795963787,3244.6017633779643,914.5549110996337,3143.6826112394397,0.00296601961815065,[79.23515834 72.32977569 60.53801383 39.11431572 82.00457721 58.31377177 70.300114   57.88507201 25.65730451 54.96511169 47.73530809 51.71072328 53.65896081 57.96526942 72.27962987]
150,50,1.0,0.01,2.0,90,1,67,21213.199702887625,3539.4243615177998,914.5549110996337,3778.6224225674528,0.00296601961815065,[79.23515834 72.32977569 60.53801383 39.11431572 82.00457721 58.31377177 70.300114   57.88507201 25.65730451 54.96511169 47.73530809 51.71072328 53.65896081 57.96526942 72.27962987]
150,50,1.0,0.01,2.0,90,1,68,31192.245319756556,3197.3161234261047,914.5549110996337,4341.746572001386,0.00296601961815065,[79.23515834 72.32977569 60.53801383 39.11431572 82.00457721 58.31377177 70.300114   57.88507201 25.65730451 54.96511169 47.73530809 51.71072328 53.65896081 57.96526942 72.27962987]
150,50,1.0,0.01,2.0,90,1,69,7896.860218621072,2568.1422080260004,914.5549110996337,1530.9206161265404,0.00296601961815065,[79.23515834 72.32977569 60.53801383 39.11431572 82.00457721 58.31377177 70.300114   57.88507201 25.65730451 54.96511169 47.73530809 51.71072328 53.65896081 57.96526942 72.27962987]
150,50,1.0,0.01,2.0,90,1,70,5626.8645957561275,2204.1988558693615,914.5549110996337,1110.48521231024,0.00296601961815065,[79.23515834 72.32977569 60.53801383 39.11431572 82.00457721 58.31377177 70.300114   57.88507201 25.65730451 54.96511169 47.73530809 51.71072328 53.65896081 57.96526942 72.27962987]
150,50,1.0,0.01,2.0,90,1,71,6098.187959310061,2087.774849719169,914.5549110996337,905.2920250808756,0.00296601961815065,[79.23515834 72.32977569 60.53801383 39.11431572 82.00457721 58.31377177 70.300114   57.88507201 25.65730451 54.96511169 47.73530809 51.71072328 53.65896081 57.96526942 72.27962987]
150,50,1.0,0.01,2.0,90,1,72,4827.164248433562,2011.968840347876,914.5549110996337,802.9947740921958,0.00296601961815065,[79.23515834 72.32977569 60.53801383 39.11431572 82.00457721 58.31377177 70.300114   57.88507201 25.65730451 54.96511169 47.73530809 51.71072328 53.65896081 57.96526942 72.27962987]
150,50,1.0,0.01,2.0,90,1,73,6173.235047514112,2322.7163459662793,914.5549110996337,1061.945958742895,0.00296601961815065,[79.23515834 72.32977569 60.53801383 39.11431572 82.00457721 58.31377177 70.300114   57.88507201 25.65730451 54.96511169 47.73530809 51.71072328 53.65896081 57.96526942 72.27962987]
150,50,1.0,0.01,2.0,90,1,74,19840.075708496723,2541.7971205017643,914.5549110996337,2628.1152827652577,0.00296601961815065,[79.23515834 72.32977569 60.53801383 39.11431572 82.00457721 58.31377177 70.300114   57.88507201 25.65730451 54.96511169 47.73530809 51.71072328 53.65896081 57.96526942 72.27962987]
150,50,1.0,0.01,2.0,90,1,75,4364.5259766823465,2084.231696658097,914.5549110996337,707.3033964554824,0.00296601961815065,[79.23515834 72.32977569 60.53801383 39.11431572 82.00457721 58.31377177 70.300114   57.88507201 25.65730451 54.96511169 47.73530809 51.71072328 53.65896081 57.96526942 72.27962987]
150,50,1.0,0.01,2.0,90,1,76,8467.412741940592,2353.905982930647,909.6352744377639,1335.15032653349,0.04410703388079098,[81.55873028 76.27020238 56.65579236 65.82922552 57.76432741 54.05695477 69.97516717 62.67262751 40.06704792 62.88460236 37.56338715 30.69406197 78.05653588 55.22614192 84.47834881]
150,50,1.0,0.01,2.0,90,1,77,4902.917608997955,2034.530899400667,909.6352744377639,741.2751200790129,0.04410703388079098,[81.55873028 76.27020238 56.65579236 65.82922552 57.76432741 54.05695477 69.97516717 62.67262751 40.06704792 62.88460236 37.56338715 30.69406197 78.05653588 55.22614192 84.47834881]
150,50,1.0,0.01,2.0,90,1,78,16815.37530425419,2665.2156862335833,909.6352744377639,2524.7998513045004,0.04410703388079098,[81.55873028 76.27020238 56.65579236 65.82922552 57.76432741 54.05695477 69.97516717 62.67262751 40.06704792 62.88460236 37.56338715 30.69406197 78.05653588 55.22614192 84.47834881]
150,50,1.0,0.01,2.0,90,1,79,6584.103508523389,2069.315837425763,909.6352744377639,902.3047880195547,0.04410703388079098,[81.55873028 76.27020238 56.65579236 65.82922552 57.76432741 54.05695477 69.97516717 62.67262751 40.06704792 62.88460236 37.56338715 30.69406197 78.05653588 55.22614192 84.47834881]
150,50,1.0,0.01,2.0,90,1,80,5113.578591344176,2261.432559371102,909.6352744377639,934.2136580867146,0.04410703388079098,[81.55873028 76.27020238 56.65579236 65.82922552 57.76432741 54.05695477 69.97516717 62.67262751 40.06704792 62.88460236 37.56338715 30.69406197 78.05653588 55.22614192 84.47834881]
150,50,1.0,0.01,2.0,90,1,81,14210.204152387369,2479.9272154884866,909.6352744377639,1835.0616614617725,0.04410703388079098,[81.55873028 76.27020238 56.65579236 65.82922552 57.76432741 54.05695477 69.97516717 62.67262751 40.06704792 62.88460236 37.56338715 30.69406197 78.05653588 55.22614192 84.47834881]
150,50,1.0,0.01,2.0,90,1,82,9683.34698677328,2666.2518515087663,909.6352744377639,1589.058987788535,0.04410703388079098,[81.55873028 76.27020238 56.65579236 65.82922552 57.76432741 54.05695477 69.97516717 62.67262751 40.06704792 62.88460236 37.56338715 30.69406197 78.05653588 55.22614192 84.47834881]
150,50,1.0,0.01,2.0,90,1,83,5519.486820352849,2385.232234430041,909.6352744377639,995.0671775192085,0.04410703388079098,[81.55873028 76.27020238 56.65579236 65.82922552 57.76432741 54.05695477 69.97516717 62.67262751 40.06704792 62.88460236 37.56338715 30.69406197 78.05653588 55.22614192 84.47834881]
150,50,1.0,0.01,2.0,90,1,84,3970.7775491747793,2156.0636717857897,909.6352744377639,727.9373216540669,0.04410703388079098,[81.55873028 76.27020238 56.65579236 65.82922552 57.76432741 54.05695477 69.97516717 62.67262751 40.06704792 62.88460236 37.56338715 30.69406197 78.05653588 55.22614192 84.47834881]
150,50,1.0,0.01,2.0,90,1,85,9179.2171816756,2680.7602336417544,909.6352744377639,1421.5320617478944,0.04410703388079098,[81.55873028 76.27020238 56.65579236 65.82922552 57.76432741 54.05695477 69.97516717 62.67262751 40.06704792 62.88460236 37.56338715 30.69406197 78.05653588 55.22614192 84.47834881]
150,50,1.0,0.01,2.0,90,1,86,8534.628196271546,3093.3926434023397,909.6352744377639,1878.4931875346424,0.04410703388079098,[81.55873028 76.27020238 56.65579236 65.82922552 57.76432741 54.05695477 69.97516717 62.67262751 40.06704792 62.88460236 37.56338715 30.69406197 78.05653588 55.22614192 84.47834881]
150,50,1.0,0.01,2.0,90,1,87,36988.06843274274,5249.973169419736,909.6352744377639,7102.892467037298,0.04410703388079098,[81.55873028 76.27020238 56.65579236 65.82922552 57.76432741 54.05695477 69.97516717 62.67262751 40.06704792 62.88460236 37.56338715 30.69406197 78.05653588 55.22614192 84.47834881]
150,50,1.0,0.01,2.0,90,1,88,264454.9127525431,9797.081969345993,909.6352744377639,36753.89385745214,0.04410703388079098,[81.55873028 76.27020238 56.65579236 65.82922552 57.76432741 54.05695477 69.97516717 62.67262751 40.06704792 62.88460236 37.56338715 30.69406197 78.05653588 55.22614192 84.47834881]
150,50,1.0,0.01,2.0,90,1,89,308042.70238799794,20016.594557046694,909.6352744377639,54787.107863577956,0.04410703388079098,[81.55873028 76.27020238 56.65579236 65.82922552 57.76432741 54.05695477 69.97516717 62.67262751 40.06704792 62.88460236 37.56338715 30.69406197 78.05653588 55.22614192 84.47834881]
150,50,1.0,0.01,2.0,90,1,90,109461.75332473197,16328.378664062939,909.6352744377639,27365.35757339452,0.04410703388079098,[81.55873028 76.27020238 56.65579236 65.82922552 57.76432741 54.05695477 69.97516717 62.67262751 40.06704792 62.88460236 37.56338715 30.69406197 78.05653588 55.22614192 84.47834881]
150,50,1.0,0.01,2.0,90,1,91,47676.102393260844,6730.5727195869595,909.6352744377639,9734.154485595485,0.04410703388079098,[81.55873028 76.27020238 56.65579236 65.82922552 57.76432741 54.05695477 69.97516717 62.67262751 40.06704792 62.88460236 37.56338715 30.69406197 78.05653588 55.22614192 84.47834881]
150,50,1.0,0.01,2.0,90,1,92,139808.12540362283,8969.964868286606,909.6352744377639,20583.854711026448,0.04410703388079098,[81.55873028 76.27020238 56.65579236 65.82922552 57.76432741 54.05695477 69.97516717 62.67262751 40.06704792 62.88460236 37.56338715 30.69406197 78.05653588 55.22614192 84.47834881]
150,50,1.0,0.01,2.0,90,1,93,46122.39460265793,8211.903538326944,909.6352744377639,9386.56365729195,0.04410703388079098,[81.55873028 76.27020238 56.65579236 65.82922552 57.76432741 54.05695477 69.97516717 62.67262751 40.06704792 62.88460236 37.56338715 30.69406197 78.05653588 55.22614192 84.47834881]
150,50,1.0,0.01,2.0,90,1,94,31502.460539504325,6944.026957187208,909.6352744377639,6488.081679595682,0.04410703388079098,[81.55873028 76.27020238 56.65579236 65.82922552 57.76432741 54.05695477 69.97516717 62.67262751 40.06704792 62.88460236 37.56338715 30.69406197 78.05653588 55.22614192 84.47834881]
150,50,1.0,0.01,2.0,90,1,95,13161.138293675962,5179.380755692831,909.6352744377639,3470.298317006837,0.04410703388079098,[81.55873028 76.27020238 56.65579236 65.82922552 57.76432741 54.05695477 69.97516717 62.67262751 40.06704792 62.88460236 37.56338715 30.69406197 78.05653588 55.22614192 84.47834881]
150,50,1.0,0.01,2.0,90,1,96,180603.14229467005,8565.073035031452,909.6352744377639,24939.888475730702,0.04410703388079098,[81.55873028 76.27020238 56.65579236 65.82922552 57.76432741 54.05695477 69.97516717 62.67262751 40.06704792 62.88460236 37.56338715 30.69406197 78.05653588 55.22614192 84.47834881]
150,50,1.0,0.01,2.0,90,1,97,45679.82718303252,7631.132862587531,909.6352744377639,9160.543103991318,0.04410703388079098,[81.55873028 76.27020238 56.65579236 65.82922552 57.76432741 54.05695477 69.97516717 62.67262751 40.06704792 62.88460236 37.56338715 30.69406197 78.05653588 55.22614192 84.47834881]
150,50,1.0,0.01,2.0,90,1,98,32331.990398200953,6193.658284735133,909.6352744377639,5774.738173052794,0.04410703388079098,[81.55873028 76.27020238 56.65579236 65.82922552 57.76432741 54.05695477 69.97516717 62.67262751 40.06704792 62.88460236 37.56338715 30.69406197 78.05653588 55.22614192 84.47834881]
150,50,1.0,0.01,2.0,90,1,99,31019.326300109722,5700.889033471694,909.6352744377639,5416.558164820585,0.04410703388079098,[81.55873028 76.27020238 56.65579236 65.82922552 57.76432741 54.05695477 69.97516717 62.67262751 40.06704792 62.88460236 37.56338715 30.69406197 78.05653588 55.22614192 84.47834881]
150,50,1.0,0.01,2.0,90,1,100,27838.260231010667,5184.375449428243,909.6352744377639,4635.056127043334,0.04410703388079098,[81.55873028 76.27020238 56.65579236 65.82922552 57.76432741 54.05695477 69.97516717 62.67262751 40.06704792 62.88460236 37.56338715 30.69406197 78.05653588 55.22614192 84.47834881]
150,50,1.0,0.01,2.0,90,1,101,4.1475859993725184e+23,8.295171998745036e+21,909.6352744377639,5.806620399121527e+22,0.04410703388079098,[81.55873028 76.27020238 56.65579236 65.82922552 57.76432741 54.05695477 69.97516717 62.67262751 40.06704792 62.88460236 37.56338715 30.69406197 78.05653588 55.22614192 84.47834881]
150,50,1.0,0.01,2.0,90,1,102,15430.481138187859,4661.157756843116,909.6352744377639,3365.04589868834,0.04410703388079098,[81.55873028 76.27020238 56.65579236 65.82922552 57.76432741 54.05695477 69.97516717 62.67262751 40.06704792 62.88460236 37.56338715 30.69406197 78.05653588 55.22614192 84.47834881]
150,50,1.0,0.01,2.0,90,1,103,24214.190815221813,5506.644839016,909.6352744377639,4726.809114651533,0.04410703388079098,[81.55873028 76.27020238 56.65579236 65.82922552 57.76432741 54.05695477 69.97516717 62.67262751 40.06704792 62.88460236 37.56338715 30.69406197 78.05653588 55.22614192 84.47834881]
150,50,1.0,0.01,2.0,90,1,104,21130.222109797083,5534.706434403167,909.6352744377639,4487.410429818526,0.04410703388079098,[81.55873028 76.27020238 56.65579236 65.82922552 57.76432741 54.05695477 69.97516717 62.67262751 40.06704792 62.88460236 37.56338715 30.69406197 78.05653588 55.22614192 84.47834881]
150,50,1.0,0.01,2.0,90,1,105,16207.902394393277,4423.3682604565,909.6352744377639,3059.533845146457,0.04410703388079098,[81.55873028 76.27020238 56.65579236 65.82922552 57.76432741 54.05695477 69.97516717 62.67262751 40.06704792 62.88460236 37.56338715 30.69406197 78.05653588 55.22614192 84.47834881]
150,50,1.0,0.01,2.0,90,1,106,182239.17782839044,8187.554310967658,909.6352744377639,25094.095040905868,0.04410703388079098,[81.55873028 76.27020238 56.65579236 65.82922552 57.76432741 54.05695477 69.97516717 62.67262751 40.06704792 62.88460236 37.56338715 30.69406197 78.05653588 55.22614192 84.47834881]
150,50,1.0,0.01,2.0,90,1,107,21587.001921960946,5276.09056653815,909.6352744377639,4456.646072902368,0.04410703388079098,[81.55873028 76.27020238 56.65579236 65.82922552 57.76432741 54.05695477 69.97516717 62.67262751 40.06704792 62.88460236 37.56338715 30.69406197 78.05653588 55.22614192 84.47834881]
150,50,1.0,0.01,2.0,90,1,108,10534.953527281186,4521.1332717445275,909.6352744377639,2200.371808834765,0.04410703388079098,[81.55873028 76.27020238 56.65579236 65.82922552 57.76432741 54.05695477 69.97516717 62.67262751 40.06704792 62.88460236 37.56338715 30.69406197 78.05653588 55.22614192 84.47834881]
150,50,1.0,0.01,2.0,90,1,109,31796.07878733612,4904.718067130947,909.6352744377639,5027.915873005385,0.04410703388079098,[81.55873028 76.27020238 56.65579236 65.82922552 57.76432741 54.05695477 69.97516717 62.67262751 40.06704792 62.88460236 37.56338715 30.69406197 78.05653588 55.22614192 84.47834881]
150,50,1.0,0.01,2.0,90,1,110,18418.24719794071,4625.998131291323,909.6352744377639,3161.1835881156294,0.04410703388079098,[81.55873028 76.27020238 56.65579236 65.82922552 57.76432741 54.05695477 69.97516717 62.67262751 40.06704792 62.88460236 37.56338715 30.69406197 78.05653588 55.22614192 84.47834881]
150,50,1.0,0.01,2.0,90,1,111,23029.99995361943,4921.760285011243,909.6352744377639,4054.461589267983,0.04410703388079098,[81.55873028 76.27020238 56.65579236 65.82922552 57.76432741 54.05695477 69.97516717 62.67262751 40.06704792 62.88460236 37.56338715 30.69406197 78.05653588 55.22614192 84.47834881]
150,50,1.0,0.01,2.0,90,1,112,16271.45808435664,4860.869436368567,909.6352744377639,3483.3691626026066,0.04410703388079098,[81.55873028 76.27020238 56.65579236 65.82922552 57.76432741 54.05695477 69.97516717 62.67262751 40.06704792 62.88460236 37.56338715 30.69406197 78.05653588 55.22614192 84.47834881]
150,50,1.0,0.01,2.0,90,1,113,78166.30088451583,6030.511483590392,909.6352744377639,10707.11238161017,0.04410703388079098,[81.55873028 76.27020238 56.65579236 65.82922552 57.76432741 54.05695477 69.97516717 62.67262751 40.06704792 62.88460236 37.56338715 30.69406197 78.05653588 55.22614192 84.47834881]
150,50,1.0,0.01,2.0,90,1,114,44433.05233926549,6059.447335527893,909.6352744377639,7413.22159544374,0.04410703388079098,[81.55873028 76.27020238 56.65579236 65.82922552 57.76432741 54.05695477 69.97516717 62.67262751 40.06704792 62.88460236 37.56338715 30.69406197 78.05653588 55.22614192 84.47834881]
150,50,1.0,0.01,2.0,90,1,115,25915.75035301532,5723.554959495,909.6352744377639,5103.26047434836,0.04410703388079098,[81.55873028 76.27020238 56.65579236 65.82922552 57.76432741 54.05695477 69.97516717 62.67262751 40.06704792 62.88460236 37.56338715 30.69406197 78.05653588 55.22614192 84.47834881]
150,50,1.0,0.01,2.0,90,1,116,45808.08630760761,6062.7319522854705,909.6352744377639,7452.800533197424,0.04410703388079098,[81.55873028 76.27020238 56.65579236 65.82922552 57.76432741 54.05695477 69.97516717 62.67262751 40.06704792 62.88460236 37.56338715 30.69406197 78.05653588 55.22614192 84.47834881]
150,50,1.0,0.01,2.0,90,1,117,22700.22139583873,4858.614710694903,909.6352744377639,3729.8303782125636,0.04410703388079098,[81.55873028 76.27020238 56.65579236 65.82922552 57.76432741 54.05695477 69.97516717 62.67262751 40.06704792 62.88460236 37.56338715 30.69406197 78.05653588 55.22614192 84.47834881]
150,50,1.0,0.01,2.0,90,1,118,23342.353398936808,5196.734558090551,909.6352744377639,4221.7325191510035,0.04410703388079098,[81.55873028 76.27020238 56.65579236 65.82922552 57.76432741 54.05695477 69.97516717 62.67262751 40.06704792 62.88460236 37.56338715 30.69406197 78.05653588 55.22614192 84.47834881]
150,50,1.0,0.01,2.0,90,1,119,15824.37393253296,5501.963270856246,909.6352744377639,3780.9970775371066,0.04410703388079098,[81.55873028 76.27020238 56.65579236 65.82922552 57.76432741 54.05695477 69.97516717 62.67262751 40.06704792 62.88460236 37.56338715 30.69406197 78.05653588 55.22614192 84.47834881]
150,50,1.0,0.01,2.0,90,1,120,2.4353963399333955e+30,4.870792679866791e+28,909.6352744377639,3.409554875906754e+29,0.04410703388079098,[81.55873028 76.27020238 56.65579236 65.82922552 57.76432741 54.05695477 69.97516717 62.67262751 40.06704792 62.88460236 37.56338715 30.69406197 78.05653588 55.22614192 84.47834881]
150,50,1.0,0.01,2.0,90,1,121,737790.9432180921,21620.757582251583,909.6352744377639,102805.877044554,0.04410703388079098,[81.55873028 76.27020238 56.65579236 65.82922552 57.76432741 54.05695477 69.97516717 62.67262751 40.06704792 62.88460236 37.56338715 30.69406197 78.05653588 55.22614192 84.47834881]
150,50,1.0,0.01,2.0,90,1,122,7746524.8037287,165038.20779500206,909.6352744377639,1083199.8414403307,0.04410703388079098,[81.55873028 76.27020238 56.65579236 65.82922552 57.76432741 54.05695477 69.97516717 62.67262751 40.06704792 62.88460236 37.56338715 30.69406197 78.05653588 55.22614192 84.47834881]
150,50,1.0,0.01,2.0,90,1,123,79585.30195065727,12494.533312133095,909.6352744377639,16249.664329580828,0.04410703388079098,[81.55873028 76.27020238 56.65579236 65.82922552 57.76432741 54.05695477 69.97516717 62.67262751 40.06704792 62.88460236 37.56338715 30.69406197 78.05653588 55.22614192 84.47834881]
150,50,1.0,0.01,2.0,90,1,124,44643.468391957365,7824.29791024364,909.6352744377639,7540.718016917482,0.04410703388079098,[81.55873028 76.27020238 56.65579236 65.82922552 57.76432741 54.05695477 69.97516717 62.67262751 40.06704792 62.88460236 37.56338715 30.69406197 78.05653588 55.22614192 84.47834881]
150,50,1.0,0.01,2.0,90,1,125,27337.7072323516,6688.7061622834335,909.6352744377639,5022.589371290774,0.04410703388079098,[81.55873028 76.27020238 56.65579236 65.82922552 57.76432741 54.05695477 69.97516717 62.67262751 40.06704792 62.88460236 37.56338715 30.69406197 78.05653588 55.22614192 84.47834881]
150,50,1.0,0.01,2.0,90,1,126,19148.20636237657,6991.350675702707,909.6352744377639,4252.390248574925,0.04410703388079098,[81.55873028 76.27020238 56.65579236 65.82922552 57.76432741 54.05695477 69.97516717 62.67262751 40.06704792 62.88460236 37.56338715 30.69406197 78.05653588 55.22614192 84.47834881]
150,50,1.0,0.01,2.0,90,1,127,66199.26279847778,8406.097426966699,909.6352744377639,10964.559715358073,0.04410703388079098,[81.55873028 76.27020238 56.65579236 65.82922552 57.76432741 54.05695477 69.97516717 62.67262751 40.06704792 62.88460236 37.56338715 30.69406197 78.05653588 55.22614192 84.47834881]
150,50,1.0,0.01,2.0,90,1,128,39057.35554116075,8143.076665854115,909.6352744377639,8093.989524103192,0.04410703388079098,[81.55873028 76.27020238 56.65579236 65.82922552 57.76432741 54.05695477 69.97516717 62.67262751 40.06704792 62.88460236 37.56338715 30.69406197 78.05653588 55.22614192 84.47834881]
150,50,1.0,0.01,2.0,90,1,129,25213.746374496623,6583.2800023356285,909.6352744377639,5324.686634326373,0.04410703388079098,[81.55873028 76.27020238 56.65579236 65.82922552 57.76432741 54.05695477 69.97516717 62.67262751 40.06704792 62.88460236 37.56338715 30.69406197 78.05653588 55.22614192 84.47834881]
150,50,1.0,0.01,2.0,90,1,130,20429.481601299358,5954.707398772301,909.6352744377639,3934.505554194936,0.04410703388079098,[81.55873028 76.27020238 56.65579236 65.82922552 57.76432741 54.05695477 69.97516717 62.67262751 40.06704792 62.88460236 37.56338715 30.69406197 78.05653588 55.22614192 84.47834881]
150,50,1.0,0.01,2.0,90,1,131,55060.28090666114,7186.7179128737735,909.6352744377639,7675.253997772464,0.04410703388079098,[81.55873028 76.27020238 56.65579236 65.82922552 57.76432741 54.05695477 69.97516717 62.67262751 40.06704792 62.88460236 37.56338715 30.69406197 78.05653588 55.22614192 84.47834881]
150,50,1.0,0.01,2.0,90,1,132,28934.09138641407,7245.450946434157,909.6352744377639,6145.000877268961,0.04410703388079098,[81.55873028 76.27020238 56.65579236 65.82922552 57.76432741 54.05695477 69.97516717 62.67262751 40.06704792 62.88460236 37.56338715 30.69406197 78.05653588 55.22614192 84.47834881]
150,50,1.0,0.01,2.0,90,1,133,19299.18016983873,6669.4388690886435,909.6352744377639,4269.888457043966,0.04410703388079098,[81.55873028 76.27020238 56.65579236 65.82922552 57.76432741 54.05695477 69.97516717 62.67262751 40.06704792 62.88460236 37.56338715 30.69406197 78.05653588 55.22614192 84.47834881]
150,50,1.0,0.01,2.0,90,1,134,17680.76797515585,5841.533643354682,909.6352744377639,4305.861678015817,0.04410703388079098,[81.55873028 76.27020238 56.65579236 65.82922552 57.76432741 54.05695477 69.97516717 62.67262751 40.06704792 62.88460236 37.56338715 30.69406197 78.05653588 55.22614192 84.47834881]
150,50,1.0,0.01,2.0,90,1,135,14080.852587617566,4695.401563258645,909.6352744377639,3006.7358370644347,0.04410703388079098,[81.55873028 76.27020238 56.65579236 65.82922552 57.76432741 54.05695477 69.97516717 62.67262751 40.06704792 62.88460236 37.56338715 30.69406197 78.05653588 55.22614192 84.47834881]
150,50,1.0,0.01,2.0,90,1,136,21279.014689230433,5687.507809469838,909.6352744377639,4500.350855807855,0.04410703388079098,[81.55873028 76.27020238 56.65579236 65.82922552 57.76432741 54.05695477 69.97516717 62.67262751 40.06704792 62.88460236 37.56338715 30.69406197 78.05653588 55.22614192 84.47834881]
150,50,1.0,0.01,2.0,90,1,137,25186.420342288748,5948.5573509109645,909.6352744377639,5143.969459560961,0.04410703388079098,[81.55873028 76.27020238 56.65579236 65.82922552 57.76432741 54.05695477 69.97516717 62.67262751 40.06704792 62.88460236 37.56338715 30.69406197 78.05653588 55.22614192 84.47834881]
150,50,1.0,0.01,2.0,90,1,138,14863.688612206466,3834.651054630977,909.6352744377639,2546.9584699061156,0.04410703388079098,[81.55873028 76.27020238 56.65579236 65.82922552 57.76432741 54.05695477 69.97516717 62.67262751 40.06704792 62.88460236 37.56338715 30.69406197 78.05653588 55.22614192 84.47834881]
150,50,1.0,0.01,2.0,90,1,139,13856.992133514945,3722.250385673937,909.6352744377639,2928.3030721217124,0.04410703388079098,[81.55873028 76.27020238 56.65579236 65.82922552 57.76432741 54.05695477 69.97516717 62.67262751 40.06704792 62.88460236 37.56338715 30.69406197 78.05653588 55.22614192 84.47834881]
150,50,1.0,0.01,2.0,90,1,140,8402.56382720892,2870.466873379677,909.6352744377639,1277.8993641955428,0.04410703388079098,[81.55873028 76.27020238 56.65579236 65.82922552 57.76432741 54.05695477 69.97516717 62.67262751 40.06704792 62.88460236 37.56338715 30.69406197 78.05653588 55.22614192 84.47834881]
150,50,1.0,0.01,2.0,90,1,141,9246.520016165492,2831.1311200937444,909.6352744377639,1496.338398577797,0.04410703388079098,[81.55873028 76.27020238 56.65579236 65.82922552 57.76432741 54.05695477 69.97516717 62.67262751 40.06704792 62.88460236 37.56338715 30.69406197 78.05653588 55.22614192 84.47834881]
150,50,1.0,0.01,2.0,90,1,142,37650.05169451605,3965.5275740758366,909.6352744377639,5808.201508870662,0.04410703388079098,[81.55873028 76.27020238 56.65579236 65.82922552 57.76432741 54.05695477 69.97516717 62.67262751 40.06704792 62.88460236 37.56338715 30.69406197 78.05653588 55.22614192 84.47834881]
150,50,1.0,0.01,2.0,90,1,143,10255.59762643256,3136.1976284659927,909.6352744377639,1594.066186800115,0.04410703388079098,[81.55873028 76.27020238 56.65579236 65.82922552 57.76432741 54.05695477 69.97516717 62.67262751 40.06704792 62.88460236 37.56338715 30.69406197 78.05653588 55.22614192 84.47834881]
150,50,1.0,0.01,2.0,90,1,144,15079.665612187262,3253.4969904000386,909.6352744377639,2315.280140503861,0.04410703388079098,[81.55873028 76.27020238 56.65579236 65.82922552 57.76432741 54.05695477 69.97516717 62.67262751 40.06704792 62.88460236 37.56338715 30.69406197 78.05653588 55.22614192 84.47834881]
150,50,1.0,0.01,2.0,90,1,145,9058.676180717304,2967.598535408047,909.6352744377639,1446.8818422944607,0.04410703388079098,[81.55873028 76.27020238 56.65579236 65.82922552 57.76432741 54.05695477 69.97516717 62.67262751 40.06704792 62.88460236 37.56338715 30.69406197 78.05653588 55.22614192 84.47834881]
150,50,1.0,0.01,2.0,90,1,146,34472.526092537235,4649.1505575939345,909.6352744377639,6277.039945680894,0.04410703388079098,[81.55873028 76.27020238 56.65579236 65.82922552 57.76432741 54.05695477 69.97516717 62.67262751 40.06704792 62.88460236 37.56338715 30.69406197 78.05653588 55.22614192 84.47834881]
150,50,1.0,0.01,2.0,90,1,147,23294.207098582483,3876.4810381574525,909.6352744377639,3323.60029932987,0.04410703388079098,[81.55873028 76.27020238 56.65579236 65.82922552 57.76432741 54.05695477 69.97516717 62.67262751 40.06704792 62.88460236 37.56338715 30.69406197 78.05653588 55.22614192 84.47834881]
150,50,1.0,0.01,2.0,90,1,148,15169.976188263354,3783.838161561542,909.6352744377639,2709.1948975345454,0.04410703388079098,[81.55873028 76.27020238 56.65579236 65.82922552 57.76432741 54.05695477 69.97516717 62.67262751 40.06704792 62.88460236 37.56338715 30.69406197 78.05653588 55.22614192 84.47834881]
150,50,1.0,0.01,2.0,90,1,149,154196.65423121894,7307.16733480928,909.6352744377639,21523.755714951865,0.04410703388079098,[81.55873028 76.27020238 56.65579236 65.82922552 57.76432741 54.05695477 69.97516717 62.67262751 40.06704792 62.88460236 37.56338715 30.69406197 78.05653588 55.22614192 84.47834881]
